<?xml version="1.0" encoding="UTF-8"?>
<project-private xmlns="http://www.netbeans.org/ns/project-private/1">
    <editor-bookmarks xmlns="http://www.netbeans.org/ns/editor-bookmarks/2" lastBookmarkId="0"/>
    <open-files xmlns="http://www.netbeans.org/ns/projectui-open-files/2">
        <group>
            <file>file:/C:/Users/LHUser/Downloads/java_3lh_qlcc/src/view/MainJFrame.java</file>
            <file>file:/C:/Users/LHUser/Downloads/java_3lh_qlcc/src/quanlyuser/User.java</file>
            <file>file:/C:/Users/LHUser/Downloads/java_3lh_qlcc/src/quanlycanho/Canho.java</file>
            <file>file:/C:/Users/LHUser/Downloads/java_3lh_qlcc/src/List/listDS.java</file>
            <file>file:/C:/Users/LHUser/Downloads/java_3lh_qlcc/src/view/listDS.java</file>
            <file>file:/C:/Users/LHUser/Downloads/java_3lh_qlcc/src/view/Menu.java</file>
            <file>file:/C:/Users/LHUser/Downloads/java_3lh_qlcc/src/controller/ChuyenManHinh.java</file>
            <file>file:/C:/Users/LHUser/Downloads/java_3lh_qlcc/src/view/ManHinhChinh.java</file>
            <file>file:/C:/Users/LHUser/Downloads/java_3lh_qlcc/src/quanlyuser/LoginForm.java</file>
            <file>file:/C:/Users/LHUser/Downloads/java_3lh_qlcc/src/Danhsach/ListDanhSach.java</file>
            <file>file:/C:/Users/LHUser/Downloads/java_3lh_qlcc/src/ManHinhChinh/Main.java</file>
        </group>
    </open-files>
</project-private>
